timestamp,project_name,run_id,experiment_id,duration,emissions,emissions_rate,cpu_power,gpu_power,ram_power,cpu_energy,gpu_energy,ram_energy,energy_consumed,water_consumed,country_name,country_iso_code,region,os,python_version,codecarbon_version,cpu_count,cpu_model,gpu_count,gpu_model,longitude,latitude,ram_total_size,tracking_mode,on_cloud,pue,wue,cloud_provider,cloud_region
2025-12-26T16:44:18,holtwinters_lightweight,21023e17-b7c7-4a1f-b6df-4e8934a10516,AT_Solar,4.529067499999655,5.456820507181703e-05,1.2048441554872209e-05,360.0,21.5148870100979,10.0,0.0004528017200005,2.7061410538042896e-05,1.2576362222252e-05,0.0004924394927608,0.0,Austria,AUT,vienna,Windows-10-10.0.26200-SP0,3.11.3,3.2.0,16,AMD Ryzen 7 6800H with Radeon Graphics,1,1 x NVIDIA GeForce RTX 3060 Laptop GPU,16.3191,48.1968,15.192100524902344,machine,N,1.0,0.0,,
2025-12-26T16:44:24,holtwinters_lightweight,7d9c1e92-ea63-4b19-93ce-85037a5fe423,AT_Wind_Onshore,0.2915548000019043,3.4223831660465912e-06,1.1738387315263671e-05,360.0,18.86923941148036,10.0,2.8592829999979584e-05,1.4988900879919775e-06,7.928697222167911e-07,3.088458981018835e-05,0.0,Austria,AUT,vienna,Windows-10-10.0.26200-SP0,3.11.3,3.2.0,16,AMD Ryzen 7 6800H with Radeon Graphics,1,1 x NVIDIA GeForce RTX 3060 Laptop GPU,16.3191,48.1968,15.192100524902344,machine,N,1.0,0.0,,
2025-12-26T16:44:33,holtwinters_lightweight,f9d8d8c6-12b4-4690-b054-03918ea2befb,BE_Solar,4.046260999995866,4.837334125637257e-05,1.1955071918598924e-05,360.0,18.50149708033897,10.0,0.0004045111899991,2.0789461075976234e-05,1.1234573055561569e-05,0.0004365352241307,0.0,Austria,AUT,vienna,Windows-10-10.0.26200-SP0,3.11.3,3.2.0,16,AMD Ryzen 7 6800H with Radeon Graphics,1,1 x NVIDIA GeForce RTX 3060 Laptop GPU,16.3191,48.1968,15.192100524902344,machine,N,1.0,0.0,,
2025-12-26T16:44:39,holtwinters_lightweight,5b5e6f13-ede2-489e-a399-3ac7fa08e527,BE_Wind_Offshore,0.3543702999886591,4.2476080553286605e-06,1.1986354543438307e-05,360.0,20.47845008504526,10.0,3.5340619999624324e-05,2.010557163978355e-06,9.804841666563234e-07,3.833166133025901e-05,0.0,Austria,AUT,vienna,Windows-10-10.0.26200-SP0,3.11.3,3.2.0,16,AMD Ryzen 7 6800H with Radeon Graphics,1,1 x NVIDIA GeForce RTX 3060 Laptop GPU,16.3191,48.1968,15.192100524902344,machine,N,1.0,0.0,,
2025-12-26T16:44:45,holtwinters_lightweight,b2ad3dd3-d110-46d9-9f1d-ce32bcc03351,BE_Wind_Onshore,0.2966242999973474,3.5134607451103656e-06,1.1844817653650713e-05,360.0,17.75998861295955,10.0,2.943818999920041e-05,1.4525011620136752e-06,8.158094444095493e-07,3.170650060562363e-05,0.0,Austria,AUT,vienna,Windows-10-10.0.26200-SP0,3.11.3,3.2.0,16,AMD Ryzen 7 6800H with Radeon Graphics,1,1 x NVIDIA GeForce RTX 3060 Laptop GPU,16.3191,48.1968,15.192100524902344,machine,N,1.0,0.0,,
2025-12-26T16:44:52,holtwinters_lightweight,5116f384-c0ac-40a1-ba68-c3119e1a320e,BG_Solar,1.8338309999962803,2.193876736941578e-05,1.196335287682468e-05,360.0,18.89204670288961,10.0,0.0001832740900004,9.61806325000536e-06,5.089720277788325e-06,0.0001979818735282,0.0,Austria,AUT,vienna,Windows-10-10.0.26200-SP0,3.11.3,3.2.0,16,AMD Ryzen 7 6800H with Radeon Graphics,1,1 x NVIDIA GeForce RTX 3060 Laptop GPU,16.3191,48.1968,15.192100524902344,machine,N,1.0,0.0,,
2025-12-26T16:44:57,holtwinters_lightweight,ae20fb33-458a-423c-b34c-81a43a342fd0,BG_Wind_Onshore,0.3041118999972241,3.722064698026978e-06,1.2239128748532868e-05,360.0,28.732102525584228,10.0,3.0327079999551643e-05,2.420835270022792e-06,8.410886111151842e-07,3.358900388068962e-05,0.0,Austria,AUT,vienna,Windows-10-10.0.26200-SP0,3.11.3,3.2.0,16,AMD Ryzen 7 6800H with Radeon Graphics,1,1 x NVIDIA GeForce RTX 3060 Laptop GPU,16.3191,48.1968,15.192100524902344,machine,N,1.0,0.0,,
2025-12-26T16:45:04,holtwinters_lightweight,3ac023ef-89f0-40cb-ba85-d11e4c76bb83,CH_Solar,1.7941243999957803,2.1449762202602622e-05,1.195556016219002e-05,360.0,18.647534359030026,10.0,0.0001793019899996,9.287785208034194e-06,4.979172222212785e-06,0.0001935689474299,0.0,Austria,AUT,vienna,Windows-10-10.0.26200-SP0,3.11.3,3.2.0,16,AMD Ryzen 7 6800H with Radeon Graphics,1,1 x NVIDIA GeForce RTX 3060 Laptop GPU,16.3191,48.1968,15.192100524902344,machine,N,1.0,0.0,,
2025-12-26T16:45:10,holtwinters_lightweight,b54d8755-2a17-4f48-bf08-89e4c0af1d12,CH_Wind_Onshore,0.6790750999934971,8.094230317350643e-06,1.1919492140748724e-05,360.0,18.79403116928488,10.0,6.763597999961348e-05,3.5311139359728294e-06,1.8776152777718377e-06,7.304470921335815e-05,0.0,Austria,AUT,vienna,Windows-10-10.0.26200-SP0,3.11.3,3.2.0,16,AMD Ryzen 7 6800H with Radeon Graphics,1,1 x NVIDIA GeForce RTX 3060 Laptop GPU,16.3191,48.1968,15.192100524902344,machine,N,1.0,0.0,,
2025-12-26T16:45:20,holtwinters_lightweight,4ee8530b-06fa-4909-bc46-c5f2e0672daf,CZ_Solar,4.351760100005777,5.250235301701375e-05,1.2064624843852046e-05,360.0,22.04355865040163,10.0,0.0004350718500005,2.6640576867964505e-05,1.2084210833321169e-05,0.0004737966377018,0.0,Austria,AUT,vienna,Windows-10-10.0.26200-SP0,3.11.3,3.2.0,16,AMD Ryzen 7 6800H with Radeon Graphics,1,1 x NVIDIA GeForce RTX 3060 Laptop GPU,16.3191,48.1968,15.192100524902344,machine,N,1.0,0.0,,
2025-12-26T16:45:27,holtwinters_lightweight,c2658e6c-15fd-4b79-a85f-eaebb160f049,CZ_Wind_Onshore,1.619049899993115,1.939452315607578e-05,1.19789533084547e-05,360.0,19.45428363187853,10.0,0.0001617861099992,8.743062549942948e-06,4.492694722203952e-06,0.0001750218672713,0.0,Austria,AUT,vienna,Windows-10-10.0.26200-SP0,3.11.3,3.2.0,16,AMD Ryzen 7 6800H with Radeon Graphics,1,1 x NVIDIA GeForce RTX 3060 Laptop GPU,16.3191,48.1968,15.192100524902344,machine,N,1.0,0.0,,
2025-12-26T16:45:34,holtwinters_lightweight,a21153ca-6c31-40b3-8801-fc1ef77deebe,DE_Solar,1.9206629000109388,2.294846699957583e-05,1.1948201321244418e-05,360.0,18.38966270627685,10.0,0.0001919571500009,9.805841177989992e-06,5.330708055569429e-06,0.0002070936992345,0.0,Austria,AUT,vienna,Windows-10-10.0.26200-SP0,3.11.3,3.2.0,16,AMD Ryzen 7 6800H with Radeon Graphics,1,1 x NVIDIA GeForce RTX 3060 Laptop GPU,16.3191,48.1968,15.192100524902344,machine,N,1.0,0.0,,
2025-12-26T16:45:40,holtwinters_lightweight,44e5c73a-ee6b-4f7b-b17f-3636d410b407,DE_Wind_Offshore,0.3704578000033507,4.434046542703228e-06,1.1969100239387922e-05,360.0,20.2735024049267,10.0,3.6911210000107526e-05,2.07889055198196e-06,1.0240363888846735e-06,4.001413694097416e-05,0.0,Austria,AUT,vienna,Windows-10-10.0.26200-SP0,3.11.3,3.2.0,16,AMD Ryzen 7 6800H with Radeon Graphics,1,1 x NVIDIA GeForce RTX 3060 Laptop GPU,16.3191,48.1968,15.192100524902344,machine,N,1.0,0.0,,
2025-12-26T16:45:46,holtwinters_lightweight,38b4b129-ec80-409c-92e8-7a041fb195c9,DE_Wind_Onshore,0.3513759000052232,4.150859289458068e-06,1.1813158755043716e-05,360.0,16.06785446962827,10.0,3.4930430000531485e-05,1.5591679139448369e-06,9.68974166688794e-07,3.745857208116512e-05,0.0,Austria,AUT,vienna,Windows-10-10.0.26200-SP0,3.11.3,3.2.0,16,AMD Ryzen 7 6800H with Radeon Graphics,1,1 x NVIDIA GeForce RTX 3060 Laptop GPU,16.3191,48.1968,15.192100524902344,machine,N,1.0,0.0,,
2025-12-26T16:45:55,holtwinters_lightweight,f9110148-dd65-4b84-bc8c-f3678cea95ea,DK_Solar,4.398775900001056,5.256868775697971e-05,1.1950753789700244e-05,360.0,18.38905508790153,10.0,0.0004397206399997,2.2461406858020894e-05,1.2213214999994507e-05,0.0004743952618577,0.0,Austria,AUT,vienna,Windows-10-10.0.26200-SP0,3.11.3,3.2.0,16,AMD Ryzen 7 6800H with Radeon Graphics,1,1 x NVIDIA GeForce RTX 3060 Laptop GPU,16.3191,48.1968,15.192100524902344,machine,N,1.0,0.0,,
2025-12-26T16:46:01,holtwinters_lightweight,0d5c8f50-7f92-437e-a73a-44ea7b2b2d3d,DK_Wind_Offshore,0.3011304999963613,3.587150025347968e-06,1.1912277319604996e-05,360.0,18.523440769496748,10.0,2.99959800002398e-05,1.5436123460554896e-06,8.31901944467164e-07,3.237149429076245e-05,0.0,Austria,AUT,vienna,Windows-10-10.0.26200-SP0,3.11.3,3.2.0,16,AMD Ryzen 7 6800H with Radeon Graphics,1,1 x NVIDIA GeForce RTX 3060 Laptop GPU,16.3191,48.1968,15.192100524902344,machine,N,1.0,0.0,,
2025-12-26T16:46:07,holtwinters_lightweight,4d00a506-32f8-48d4-b17e-6c4443a852f1,DK_Wind_Onshore,0.3459529999963706,4.069325018639919e-06,1.176265278428749e-05,360.0,16.201636277663738,10.0,3.4232239999982995e-05,1.5408345659939648e-06,9.497083333472904e-07,3.672278289932425e-05,0.0,Austria,AUT,vienna,Windows-10-10.0.26200-SP0,3.11.3,3.2.0,16,AMD Ryzen 7 6800H with Radeon Graphics,1,1 x NVIDIA GeForce RTX 3060 Laptop GPU,16.3191,48.1968,15.192100524902344,machine,N,1.0,0.0,,
2025-12-26T16:46:16,holtwinters_lightweight,0506192e-7a07-4ead-821b-4f4f167fe20b,EE_Solar,4.350979800001369,5.213094060834775e-05,1.1981425564956966e-05,360.0,19.35603244385126,10.0,0.0004349769899999,2.3387518709949703e-05,1.2080394444476244e-05,0.0004704449031544,0.0,Austria,AUT,vienna,Windows-10-10.0.26200-SP0,3.11.3,3.2.0,16,AMD Ryzen 7 6800H with Radeon Graphics,1,1 x NVIDIA GeForce RTX 3060 Laptop GPU,16.3191,48.1968,15.192100524902344,machine,N,1.0,0.0,,
2025-12-26T16:46:22,holtwinters_lightweight,f0a04a0d-73ba-47f9-b3ab-199503efa25e,EE_Wind_Onshore,0.2640919000114081,3.1683757824292768e-06,1.1997247103347018e-05,360.0,21.65858501553384,10.0,2.628230000118492e-05,1.5813901539929454e-06,7.286625000334526e-07,2.859235265521132e-05,0.0,Austria,AUT,vienna,Windows-10-10.0.26200-SP0,3.11.3,3.2.0,16,AMD Ryzen 7 6800H with Radeon Graphics,1,1 x NVIDIA GeForce RTX 3060 Laptop GPU,16.3191,48.1968,15.192100524902344,machine,N,1.0,0.0,,
2025-12-26T16:46:29,holtwinters_lightweight,6f0a27d6-75fa-4f3a-8612-6a82cd189b77,ES_Solar,1.7787575999973342,2.128577114067472e-05,1.1966650847033132e-05,360.0,19.20713346397505,10.0,0.0001776750999997,9.479729806027848e-06,4.934214166658219e-06,0.0001920890439724,0.0,Austria,AUT,vienna,Windows-10-10.0.26200-SP0,3.11.3,3.2.0,16,AMD Ryzen 7 6800H with Radeon Graphics,1,1 x NVIDIA GeForce RTX 3060 Laptop GPU,16.3191,48.1968,15.192100524902344,machine,N,1.0,0.0,,
2025-12-26T16:46:34,holtwinters_lightweight,cafdd09a-03b7-4571-a13d-9d18ccc469a7,ES_Wind_Offshore,0.2407235999999102,2.904569406558469e-06,1.2065993556757845e-05,360.0,23.2814552319922,10.0,2.399435999977868e-05,1.5519456860180192e-06,6.653808333390366e-07,2.6211686519135736e-05,0.0,Austria,AUT,vienna,Windows-10-10.0.26200-SP0,3.11.3,3.2.0,16,AMD Ryzen 7 6800H with Radeon Graphics,1,1 x NVIDIA GeForce RTX 3060 Laptop GPU,16.3191,48.1968,15.192100524902344,machine,N,1.0,0.0,,
2025-12-26T16:46:40,holtwinters_lightweight,218de2e5-2b34-4629-9208-d3384aa97638,ES_Wind_Onshore,0.3176414000045042,3.708401658998452e-06,1.167480579970327e-05,360.0,18.500412181683533,10.0,3.101159999932861e-05,1.5938901640200065e-06,8.602144444416303e-07,3.3465704607790244e-05,0.0,Austria,AUT,vienna,Windows-10-10.0.26200-SP0,3.11.3,3.2.0,16,AMD Ryzen 7 6800H with Radeon Graphics,1,1 x NVIDIA GeForce RTX 3060 Laptop GPU,16.3191,48.1968,15.192100524902344,machine,N,1.0,0.0,,
2025-12-26T16:46:47,holtwinters_lightweight,402e5183-8569-4610-8a2a-ef16b1996f74,FI_Solar,1.803305100009311,2.15686469887329e-05,1.19606199686462e-05,360.0,18.74652266893889,10.0,0.0001802495800002,9.386396398025632e-06,5.0058222222206605e-06,0.0001946417986204,0.0,Austria,AUT,vienna,Windows-10-10.0.26200-SP0,3.11.3,3.2.0,16,AMD Ryzen 7 6800H with Radeon Graphics,1,1 x NVIDIA GeForce RTX 3060 Laptop GPU,16.3191,48.1968,15.192100524902344,machine,N,1.0,0.0,,
2025-12-26T16:46:53,holtwinters_lightweight,3f89daa5-9d41-41bf-a854-b97f3702c41a,FI_Wind_Onshore,0.316617500007851,3.757140647456672e-06,1.186649710569854e-05,360.0,17.204331209122497,10.0,3.152436000091256e-05,1.5066678719644069e-06,8.74511666673546e-07,3.390553953955052e-05,0.0,Austria,AUT,vienna,Windows-10-10.0.26200-SP0,3.11.3,3.2.0,16,AMD Ryzen 7 6800H with Radeon Graphics,1,1 x NVIDIA GeForce RTX 3060 Laptop GPU,16.3191,48.1968,15.192100524902344,machine,N,1.0,0.0,,
2025-12-26T16:47:00,holtwinters_lightweight,94dd45fe-f5df-490c-ac04-3e40c12506a8,FR_Solar,1.7317635999934282,2.0661412507962942e-05,1.1930850439425654e-05,360.0,18.482050229843782,10.0,0.0001727854199998,8.870840429997529e-06,4.7983880555370384e-06,0.0001864546484853,0.0,Austria,AUT,vienna,Windows-10-10.0.26200-SP0,3.11.3,3.2.0,16,AMD Ryzen 7 6800H with Radeon Graphics,1,1 x NVIDIA GeForce RTX 3060 Laptop GPU,16.3191,48.1968,15.192100524902344,machine,N,1.0,0.0,,
2025-12-26T16:47:05,holtwinters_lightweight,a5307aa4-b1fb-4561-9489-86e04ae75c5d,FR_Wind_Offshore,0.4522131999983685,5.370999186500969e-06,1.1877139337198357e-05,360.0,16.58859603723145,10.0,4.5136820001062e-05,2.080001664073184e-06,1.2526508333394304e-06,4.846947249847462e-05,0.0,Austria,AUT,vienna,Windows-10-10.0.26200-SP0,3.11.3,3.2.0,16,AMD Ryzen 7 6800H with Radeon Graphics,1,1 x NVIDIA GeForce RTX 3060 Laptop GPU,16.3191,48.1968,15.192100524902344,machine,N,1.0,0.0,,
2025-12-26T16:47:11,holtwinters_lightweight,439a03bf-ccfb-45b8-b5e9-39db9a694df9,FR_Wind_Onshore,0.3429984999966109,4.118385688067476e-06,1.2007007867696703e-05,360.0,21.148439089086946,10.0,3.420683000003919e-05,2.00972383002096e-06,9.489669444721788e-07,3.716552077453232e-05,0.0,Austria,AUT,vienna,Windows-10-10.0.26200-SP0,3.11.3,3.2.0,16,AMD Ryzen 7 6800H with Radeon Graphics,1,1 x NVIDIA GeForce RTX 3060 Laptop GPU,16.3191,48.1968,15.192100524902344,machine,N,1.0,0.0,,
2025-12-26T16:47:18,holtwinters_lightweight,93a3e6cf-5b66-490f-b504-9dc58f60990f,GR_Solar,1.7411604999942938,2.0870696540385613e-05,1.1986658633970856e-05,360.0,19.675290943330268,10.0,0.0001740011500005,9.51000760801568e-06,4.832131388886612e-06,0.0001883432889974,0.0,Austria,AUT,vienna,Windows-10-10.0.26200-SP0,3.11.3,3.2.0,16,AMD Ryzen 7 6800H with Radeon Graphics,1,1 x NVIDIA GeForce RTX 3060 Laptop GPU,16.3191,48.1968,15.192100524902344,machine,N,1.0,0.0,,
2025-12-26T16:47:24,holtwinters_lightweight,54ce720e-93d8-457b-a1fd-1a62817e8b28,GR_Wind_Onshore,0.3600048000080278,4.321287269470927e-06,1.200341570271998e-05,360.0,21.00362852190097,10.0,3.5905579999962354e-05,2.095001676027941e-06,9.959825000098338e-07,3.899656417600013e-05,0.0,Austria,AUT,vienna,Windows-10-10.0.26200-SP0,3.11.3,3.2.0,16,AMD Ryzen 7 6800H with Radeon Graphics,1,1 x NVIDIA GeForce RTX 3060 Laptop GPU,16.3191,48.1968,15.192100524902344,machine,N,1.0,0.0,,
2025-12-26T16:47:31,holtwinters_lightweight,0acd7a2e-63c1-43f0-9e72-a140902ce994,HR_Solar,1.962074199997005,2.3497481053676466e-05,1.1975837128744842e-05,360.0,19.31215369147539,10.0,0.0001960839000006,1.0519175082046583e-05,5.445088055542632e-06,0.0002120481631382,0.0,Austria,AUT,vienna,Windows-10-10.0.26200-SP0,3.11.3,3.2.0,16,AMD Ryzen 7 6800H with Radeon Graphics,1,1 x NVIDIA GeForce RTX 3060 Laptop GPU,16.3191,48.1968,15.192100524902344,machine,N,1.0,0.0,,
2025-12-26T16:47:37,holtwinters_lightweight,5932e66c-9e4a-426c-becf-d26f47568682,HR_Wind_Onshore,0.2786797000007937,3.336342823383931e-06,1.19719621607689e-05,360.0,20.02237341738002,10.0,2.7791459999571087e-05,1.5458345699603804e-06,7.708419444194685e-07,3.010813651395093e-05,0.0,Austria,AUT,vienna,Windows-10-10.0.26200-SP0,3.11.3,3.2.0,16,AMD Ryzen 7 6800H with Radeon Graphics,1,1 x NVIDIA GeForce RTX 3060 Laptop GPU,16.3191,48.1968,15.192100524902344,machine,N,1.0,0.0,,
2025-12-26T16:47:44,holtwinters_lightweight,e4e4fb4e-9c27-496a-9e47-2f2058d3b12d,HU_Solar,1.7687218000064604,2.1124126590284912e-05,1.1943159512257809e-05,360.0,18.423841424161,10.0,0.0001766814900009,9.042229455968886e-06,4.906596666680546e-06,0.0001906303161235,0.0,Austria,AUT,vienna,Windows-10-10.0.26200-SP0,3.11.3,3.2.0,16,AMD Ryzen 7 6800H with Radeon Graphics,1,1 x NVIDIA GeForce RTX 3060 Laptop GPU,16.3191,48.1968,15.192100524902344,machine,N,1.0,0.0,,
2025-12-26T16:47:50,holtwinters_lightweight,ae3ae7d0-53d6-4454-8f91-b6496692849d,HU_Wind_Onshore,0.8913934000011068,1.0658547847136277e-05,1.1957176087598408e-05,360.0,19.22608973664392,10.0,8.896440999960759e-05,4.751392689961165e-06,2.470060277765798e-06,9.618586296733454e-05,0.0,Austria,AUT,vienna,Windows-10-10.0.26200-SP0,3.11.3,3.2.0,16,AMD Ryzen 7 6800H with Radeon Graphics,1,1 x NVIDIA GeForce RTX 3060 Laptop GPU,16.3191,48.1968,15.192100524902344,machine,N,1.0,0.0,,
2025-12-26T16:47:57,holtwinters_lightweight,af18d6d9-a461-4eaa-873e-b09e7f5c0084,IE_Solar,1.762803999998141,2.1118988591053163e-05,1.1980338478398866e-05,360.0,19.531811183501496,10.0,0.0001761358499992,9.556396533993984e-06,4.891702777765911e-06,0.000190583949311,0.0,Austria,AUT,vienna,Windows-10-10.0.26200-SP0,3.11.3,3.2.0,16,AMD Ryzen 7 6800H with Radeon Graphics,1,1 x NVIDIA GeForce RTX 3060 Laptop GPU,16.3191,48.1968,15.192100524902344,machine,N,1.0,0.0,,
2025-12-26T16:48:02,holtwinters_lightweight,ca9fc82c-6a96-4861-82e4-9dec66390a69,IE_Wind_Onshore,0.3202452999976231,3.861426084623129e-06,1.2057713523513972e-05,360.0,23.191251263976056,10.0,3.1905999999435153e-05,2.055557200009161e-06,8.850847222169654e-07,3.484664192166128e-05,0.0,Austria,AUT,vienna,Windows-10-10.0.26200-SP0,3.11.3,3.2.0,16,AMD Ryzen 7 6800H with Radeon Graphics,1,1 x NVIDIA GeForce RTX 3060 Laptop GPU,16.3191,48.1968,15.192100524902344,machine,N,1.0,0.0,,
2025-12-26T16:48:09,holtwinters_lightweight,64ca1e6a-d6bd-40f7-a1ac-bae5c9550f3a,IT_Solar,1.89776890000212,2.2696906896449685e-05,1.1959784406006617e-05,360.0,18.71670626092175,10.0,0.00018969316,9.862507890034957e-06,5.267879166664595e-06,0.0002048235470567,0.0,Austria,AUT,vienna,Windows-10-10.0.26200-SP0,3.11.3,3.2.0,16,AMD Ryzen 7 6800H with Radeon Graphics,1,1 x NVIDIA GeForce RTX 3060 Laptop GPU,16.3191,48.1968,15.192100524902344,machine,N,1.0,0.0,,
2025-12-26T16:48:15,holtwinters_lightweight,a044f03f-e570-40de-bd5b-61b741c7344f,IT_Wind_Offshore,0.6867564999993192,8.215620873737824e-06,1.1962931364677244e-05,360.0,19.234298433490043,10.0,6.857278000097723e-05,3.663891820049336e-06,1.903501388894964e-06,7.414017320992152e-05,0.0,Austria,AUT,vienna,Windows-10-10.0.26200-SP0,3.11.3,3.2.0,16,AMD Ryzen 7 6800H with Radeon Graphics,1,1 x NVIDIA GeForce RTX 3060 Laptop GPU,16.3191,48.1968,15.192100524902344,machine,N,1.0,0.0,,
2025-12-26T16:48:21,holtwinters_lightweight,25735359-7f7e-4568-8978-bf376324e145,IT_Wind_Onshore,0.2822405999904731,3.336789210457496e-06,1.1822498997557851e-05,360.0,19.91054977769566,10.0,2.7803400000266265e-05,1.5380567860434624e-06,7.707080555620552e-07,3.011216484187178e-05,0.0,Austria,AUT,vienna,Windows-10-10.0.26200-SP0,3.11.3,3.2.0,16,AMD Ryzen 7 6800H with Radeon Graphics,1,1 x NVIDIA GeForce RTX 3060 Laptop GPU,16.3191,48.1968,15.192100524902344,machine,N,1.0,0.0,,
2025-12-26T16:48:28,holtwinters_lightweight,bc52857a-770e-452e-ab53-4b34d05a2313,LT_Solar,1.7559193000051891,2.09866098808546e-05,1.1951921640585975e-05,360.0,18.49497231465139,10.0,0.0001754991299996,9.01639610201288e-06,4.87379888889134e-06,0.0001893893249905,0.0,Austria,AUT,vienna,Windows-10-10.0.26200-SP0,3.11.3,3.2.0,16,AMD Ryzen 7 6800H with Radeon Graphics,1,1 x NVIDIA GeForce RTX 3060 Laptop GPU,16.3191,48.1968,15.192100524902344,machine,N,1.0,0.0,,
2025-12-26T16:48:34,holtwinters_lightweight,fbfcf31b-c9a2-4dcd-860b-2ce4e14bac66,LT_Wind_Onshore,0.3665155000053346,4.374154045047738e-06,1.1934431272303823e-05,360.0,20.949533814572657,10.0,3.634947999962605e-05,2.115557247939215e-06,1.0086122222370856e-06,3.9473649469802354e-05,0.0,Austria,AUT,vienna,Windows-10-10.0.26200-SP0,3.11.3,3.2.0,16,AMD Ryzen 7 6800H with Radeon Graphics,1,1 x NVIDIA GeForce RTX 3060 Laptop GPU,16.3191,48.1968,15.192100524902344,machine,N,1.0,0.0,,
2025-12-26T16:48:41,holtwinters_lightweight,7ffd1377-f0e2-475b-9901-48c4d95bc12d,LU_Solar,1.8392846000060672,2.1969251455974287e-05,1.1944454629752143e-05,360.0,18.4567935903824,10.0,0.00018373422,9.420007535954069e-06,5.102743333352717e-06,0.0001982569708693,0.0,Austria,AUT,vienna,Windows-10-10.0.26200-SP0,3.11.3,3.2.0,16,AMD Ryzen 7 6800H with Radeon Graphics,1,1 x NVIDIA GeForce RTX 3060 Laptop GPU,16.3191,48.1968,15.192100524902344,machine,N,1.0,0.0,,
2025-12-26T16:48:47,holtwinters_lightweight,5542e2a1-27d3-4d27-876a-28c97a651006,LU_Wind_Onshore,1.1310414000035962,1.353939142024146e-05,1.1970730178575612e-05,360.0,20.151823446783155,10.0,0.0001127415399998,6.311116160007124e-06,3.1307844444300925e-06,0.0001221834406042,0.0,Austria,AUT,vienna,Windows-10-10.0.26200-SP0,3.11.3,3.2.0,16,AMD Ryzen 7 6800H with Radeon Graphics,1,1 x NVIDIA GeForce RTX 3060 Laptop GPU,16.3191,48.1968,15.192100524902344,machine,N,1.0,0.0,,
2025-12-26T16:48:57,holtwinters_lightweight,ba818efc-859f-467b-bc02-0de5cddf0222,LV_Solar,4.336651599995093,5.189391595587832e-05,1.1966355783788815e-05,360.0,18.83443212039172,10.0,0.0004335791200006,2.2684184814047992e-05,1.204261833332162e-05,0.000468305923148,0.0,Austria,AUT,vienna,Windows-10-10.0.26200-SP0,3.11.3,3.2.0,16,AMD Ryzen 7 6800H with Radeon Graphics,1,1 x NVIDIA GeForce RTX 3060 Laptop GPU,16.3191,48.1968,15.192100524902344,machine,N,1.0,0.0,,
2025-12-26T16:49:03,holtwinters_lightweight,b78f36ba-6615-42ac-b6af-60d1eb6125fa,LV_Wind_Onshore,1.2075219999969704,1.4438123187879385e-05,1.1956819989959278e-05,360.0,18.795926269113355,10.0,0.0001206446199998,6.299171706025675e-06,3.3500680555638e-06,0.0001302938597613,0.0,Austria,AUT,vienna,Windows-10-10.0.26200-SP0,3.11.3,3.2.0,16,AMD Ryzen 7 6800H with Radeon Graphics,1,1 x NVIDIA GeForce RTX 3060 Laptop GPU,16.3191,48.1968,15.192100524902344,machine,N,1.0,0.0,,
2025-12-26T16:49:10,holtwinters_lightweight,0f3d5fbf-c186-4ff4-8640-e435f5183208,NL_Solar,1.7545245999936014,2.1006794964131604e-05,1.1972927004960896e-05,360.0,19.231705899106785,10.0,0.0001753355399996,9.366951938039048e-06,4.868989166627418e-06,0.0001895714811043,0.0,Austria,AUT,vienna,Windows-10-10.0.26200-SP0,3.11.3,3.2.0,16,AMD Ryzen 7 6800H with Radeon Graphics,1,1 x NVIDIA GeForce RTX 3060 Laptop GPU,16.3191,48.1968,15.192100524902344,machine,N,1.0,0.0,,
2025-12-26T16:49:16,holtwinters_lightweight,736670d9-a4e8-429d-933d-a5f52bb55993,NL_Wind_Offshore,0.2678795999963768,3.157098490451768e-06,1.1785512933774985e-05,360.0,14.170799290367984,10.0,2.669903000060003e-05,1.0511119519773793e-06,7.404411110959094e-07,2.849058306367332e-05,0.0,Austria,AUT,vienna,Windows-10-10.0.26200-SP0,3.11.3,3.2.0,16,AMD Ryzen 7 6800H with Radeon Graphics,1,1 x NVIDIA GeForce RTX 3060 Laptop GPU,16.3191,48.1968,15.192100524902344,machine,N,1.0,0.0,,
2025-12-26T16:49:21,holtwinters_lightweight,006008f9-94e4-430b-bbbf-ac3f34518b0b,NL_Wind_Onshore,0.2877192000014474,3.38917896233191e-06,1.1779467488839324e-05,360.0,13.960925489712343,10.0,2.867724999960046e-05,1.112223111998656e-06,7.954722222267366e-07,3.058494533382585e-05,0.0,Austria,AUT,vienna,Windows-10-10.0.26200-SP0,3.11.3,3.2.0,16,AMD Ryzen 7 6800H with Radeon Graphics,1,1 x NVIDIA GeForce RTX 3060 Laptop GPU,16.3191,48.1968,15.192100524902344,machine,N,1.0,0.0,,
2025-12-26T16:49:29,holtwinters_lightweight,4902a135-a47c-4e27-8857-5afaae01c359,NO_Solar,2.819225600003847,3.380384892378508e-05,1.199047317239846e-05,360.0,19.6877513170693,10.0,0.0002818165700009,1.5412234551981374e-05,7.827046111116134e-06,0.000305055850664,0.0,Austria,AUT,vienna,Windows-10-10.0.26200-SP0,3.11.3,3.2.0,16,AMD Ryzen 7 6800H with Radeon Graphics,1,1 x NVIDIA GeForce RTX 3060 Laptop GPU,16.3191,48.1968,15.192100524902344,machine,N,1.0,0.0,,
2025-12-26T16:49:35,holtwinters_lightweight,00c9a7c1-4d69-42d2-8bc5-d116fd3c2f65,NO_Wind_Onshore,0.2719454000034602,3.204718347127102e-06,1.1784418295313417e-05,360.0,14.025691159710547,10.0,2.711199999903329e-05,1.0563897339666006e-06,7.519288888741155e-07,2.892031862187401e-05,0.0,Austria,AUT,vienna,Windows-10-10.0.26200-SP0,3.11.3,3.2.0,16,AMD Ryzen 7 6800H with Radeon Graphics,1,1 x NVIDIA GeForce RTX 3060 Laptop GPU,16.3191,48.1968,15.192100524902344,machine,N,1.0,0.0,,
2025-12-26T16:49:42,holtwinters_lightweight,b53f1601-0363-4ad1-b5ae-d5ba08b5fd17,PL_Solar,1.883822299991152,2.2545967665186205e-05,1.1968202980340607e-05,360.0,19.080149864112823,10.0,0.0001882554099996,9.977785760006965e-06,5.228231388860473e-06,0.0002034614271485,0.0,Austria,AUT,vienna,Windows-10-10.0.26200-SP0,3.11.3,3.2.0,16,AMD Ryzen 7 6800H with Radeon Graphics,1,1 x NVIDIA GeForce RTX 3060 Laptop GPU,16.3191,48.1968,15.192100524902344,machine,N,1.0,0.0,,
2025-12-26T16:49:48,holtwinters_lightweight,44c6fda6-4022-4cd3-a71d-f97b95dcd4ef,PL_Wind_Onshore,0.3083939000061946,3.650758516565273e-06,1.1837972529586162e-05,360.0,18.515500611660872,10.0,3.0528319999575615e-05,1.570279034079913e-06,8.469169444449816e-07,3.294551597810051e-05,0.0,Austria,AUT,vienna,Windows-10-10.0.26200-SP0,3.11.3,3.2.0,16,AMD Ryzen 7 6800H with Radeon Graphics,1,1 x NVIDIA GeForce RTX 3060 Laptop GPU,16.3191,48.1968,15.192100524902344,machine,N,1.0,0.0,,
2025-12-26T16:49:55,holtwinters_lightweight,d45b5bc6-295c-4769-a678-3f62d292745b,PT_Solar,1.7939919000054942,2.145593641401653e-05,1.1959884776486904e-05,360.0,18.950740985696125,10.0,0.00017921356,9.43417421400694e-06,4.976931111135249e-06,0.0001936246653252,0.0,Austria,AUT,vienna,Windows-10-10.0.26200-SP0,3.11.3,3.2.0,16,AMD Ryzen 7 6800H with Radeon Graphics,1,1 x NVIDIA GeForce RTX 3060 Laptop GPU,16.3191,48.1968,15.192100524902344,machine,N,1.0,0.0,,
2025-12-26T16:50:01,holtwinters_lightweight,87612ba4-992d-4ab8-885f-a6079e59bc5e,PT_Wind_Offshore,0.8960071000037715,1.070654326112838e-05,1.1949172345937118e-05,360.0,19.00036847922923,10.0,8.941688000049906e-05,4.719448220003031e-06,2.4826594444473607e-06,9.661898766494946e-05,0.0,Austria,AUT,vienna,Windows-10-10.0.26200-SP0,3.11.3,3.2.0,16,AMD Ryzen 7 6800H with Radeon Graphics,1,1 x NVIDIA GeForce RTX 3060 Laptop GPU,16.3191,48.1968,15.192100524902344,machine,N,1.0,0.0,,
2025-12-26T16:50:07,holtwinters_lightweight,ff279c73-149e-4d85-942c-fcb31612d32f,PT_Wind_Onshore,0.2909413000015775,3.44990339031034e-06,1.1857730031080614e-05,360.0,19.090820863002616,10.0,2.8806229999463538e-05,1.5277789999768032e-06,7.989313888780695e-07,3.113294038831841e-05,0.0,Austria,AUT,vienna,Windows-10-10.0.26200-SP0,3.11.3,3.2.0,16,AMD Ryzen 7 6800H with Radeon Graphics,1,1 x NVIDIA GeForce RTX 3060 Laptop GPU,16.3191,48.1968,15.192100524902344,machine,N,1.0,0.0,,
2025-12-26T16:50:14,holtwinters_lightweight,3386b922-73dd-47f3-b287-f85e429c91a4,RO_Solar,1.824399799996172,2.184237411407378e-05,1.1972361603043154e-05,360.0,19.94328591568035,10.0,0.0001819774800009,1.0081396954020327e-05,5.053115555549286e-06,0.0001971119925105,0.0,Austria,AUT,vienna,Windows-10-10.0.26200-SP0,3.11.3,3.2.0,16,AMD Ryzen 7 6800H with Radeon Graphics,1,1 x NVIDIA GeForce RTX 3060 Laptop GPU,16.3191,48.1968,15.192100524902344,machine,N,1.0,0.0,,
2025-12-26T16:50:19,holtwinters_lightweight,d742bee6-a9e7-47ee-9fec-3a7096ec44c7,RO_Wind_Onshore,0.2929170999996131,3.482750717679384e-06,1.18898852872843e-05,360.0,19.3892027792048,10.0,2.9058190000068866e-05,1.5652790300024757e-06,8.058952777597976e-07,3.1429364307831135e-05,0.0,Austria,AUT,vienna,Windows-10-10.0.26200-SP0,3.11.3,3.2.0,16,AMD Ryzen 7 6800H with Radeon Graphics,1,1 x NVIDIA GeForce RTX 3060 Laptop GPU,16.3191,48.1968,15.192100524902344,machine,N,1.0,0.0,,
2025-12-26T16:50:29,holtwinters_lightweight,350257cc-5dac-493c-9ccd-f8b95c7f687c,SE_Solar,4.281293599997298,5.108693023238346e-05,1.193259211010796e-05,360.0,18.419608144940323,10.0,0.0004272931299987,2.1863073045969017e-05,1.186724416665028e-05,0.0004610234472113,0.0,Austria,AUT,vienna,Windows-10-10.0.26200-SP0,3.11.3,3.2.0,16,AMD Ryzen 7 6800H with Radeon Graphics,1,1 x NVIDIA GeForce RTX 3060 Laptop GPU,16.3191,48.1968,15.192100524902344,machine,N,1.0,0.0,,
2025-12-26T16:50:34,holtwinters_lightweight,7a76da81-e3ff-4c8c-926c-4a54b643d324,SE_Wind_Onshore,0.3969270000088727,4.729394072835042e-06,1.1915022340957716e-05,360.0,18.799904012127364,10.0,3.951874000049429e-05,2.0638905400272023e-06,1.096809166685691e-06,4.2679439707207184e-05,0.0,Austria,AUT,vienna,Windows-10-10.0.26200-SP0,3.11.3,3.2.0,16,AMD Ryzen 7 6800H with Radeon Graphics,1,1 x NVIDIA GeForce RTX 3060 Laptop GPU,16.3191,48.1968,15.192100524902344,machine,N,1.0,0.0,,
2025-12-26T16:50:41,holtwinters_lightweight,e4586c48-da4c-4a2c-9867-e8fd616cbf2b,SI_Solar,1.7396944999927657,2.076693871774161e-05,1.1937118107706826e-05,360.0,18.47718715346307,10.0,0.0001736699799992,8.913896019924206e-06,4.823071944418997e-06,0.0001874069479635,0.0,Austria,AUT,vienna,Windows-10-10.0.26200-SP0,3.11.3,3.2.0,16,AMD Ryzen 7 6800H with Radeon Graphics,1,1 x NVIDIA GeForce RTX 3060 Laptop GPU,16.3191,48.1968,15.192100524902344,machine,N,1.0,0.0,,
2025-12-26T16:50:47,holtwinters_lightweight,21643e8a-dd60-463a-b973-5f4c9ed8392b,SI_Wind_Onshore,0.459300099988468,5.448667594021323e-06,1.1862979333464388e-05,360.0,16.32753058140292,10.0,4.582079999963753e-05,2.0783349960473707e-06,1.2712399999953858e-06,4.9170374995680285e-05,0.0,Austria,AUT,vienna,Windows-10-10.0.26200-SP0,3.11.3,3.2.0,16,AMD Ryzen 7 6800H with Radeon Graphics,1,1 x NVIDIA GeForce RTX 3060 Laptop GPU,16.3191,48.1968,15.192100524902344,machine,N,1.0,0.0,,
2025-12-26T16:50:54,holtwinters_lightweight,6dcf3b33-1ca7-42bc-ab7c-9dc0780b046a,SK_Solar,1.8220996000018204,2.177162070534281e-05,1.1948644687327224e-05,360.0,18.37209265314292,10.0,0.0001821212800001,9.29445187997091e-06,5.057761111109155e-06,0.0001964734929912,0.0,Austria,AUT,vienna,Windows-10-10.0.26200-SP0,3.11.3,3.2.0,16,AMD Ryzen 7 6800H with Radeon Graphics,1,1 x NVIDIA GeForce RTX 3060 Laptop GPU,16.3191,48.1968,15.192100524902344,machine,N,1.0,0.0,,
2025-12-26T16:51:00,holtwinters_lightweight,54e007bd-66bb-41fb-bc39-58ee4d2f4b8a,SK_Wind_Onshore,0.4226041000074474,5.031465587077327e-06,1.1905860797348296e-05,360.0,17.922790025627393,10.0,4.213806000043405e-05,2.098057233945738e-06,1.1693044444756295e-06,4.5405421678855424e-05,0.0,Austria,AUT,vienna,Windows-10-10.0.26200-SP0,3.11.3,3.2.0,16,AMD Ryzen 7 6800H with Radeon Graphics,1,1 x NVIDIA GeForce RTX 3060 Laptop GPU,16.3191,48.1968,15.192100524902344,machine,N,1.0,0.0,,
2025-12-26T16:51:06,holtwinters_lightweight,0de4a40b-d525-43c6-b499-4c2249f0522a,UK_Wind_Onshore,0.3954052000044612,4.729099226161322e-06,1.1960134125974988e-05,360.0,19.421566082723643,10.0,3.9453409999259745e-05,2.1286128139563765e-06,1.0947561111000444e-06,4.267677892431616e-05,0.0,Austria,AUT,vienna,Windows-10-10.0.26200-SP0,3.11.3,3.2.0,16,AMD Ryzen 7 6800H with Radeon Graphics,1,1 x NVIDIA GeForce RTX 3060 Laptop GPU,16.3191,48.1968,15.192100524902344,machine,N,1.0,0.0,,
